core_service,process_type,classvariable,key,return_variable
CoreCustomerContract,scopeMTL,scopeGridObj,recStatus,recStatus
CoreCustomerContract,scopeMTL,scopeGridObj,SCOPE_CATEGORY,strScopeCategory
CoreCustomerContract,scopeMTL,scopeGridObj,SCOPE_DESC,strScopeDescription
CoreCustomerContract,scopeMTL,scopeGridObj,REMARKS,strRemarks
CoreCustomerContract,scopeMTL,scopeGridObj,ATTACH_DOCUMENT,strAttachDocument
CoreCustomerContract,carrierMTL,carrierGridObj,recStatus,recStatus
CoreCustomerContract,carrierMTL,carrierGridObj,CARRIER_CONTRACT_NO,strCarrierContractNo
CoreCustomerContract,carrierMTL,carrierGridObj,CARRIER_CODE,strCarrierCode
CoreCustomerContract,tariffMTL,tariffGridObj,recStatus,recStatus
CoreCustomerContract,tariffMTL,tariffGridObj,SCOPE_CATEGORY,strScopeCategory
CoreCustomerContract,tariffMTL,tariffGridObj,SCOPE_DESC,strScopeDescription
CoreCustomerContract,tariffMTL,tariffGridObj,REMARKS,strRemarks
CoreCustomerContract,tariffMTL,tariffGridObj,CAR_CONT_NO,strContractNo
CoreCustomerContract,tariffMTL,tariffGridObj,ORIGIN,strOrigin
CoreCustomerContract,tariffMTL,tariffGridObj,DESTINATION,strDestination
CoreCustomerContract,tariffMTL,tariffGridObj,VEHICLE_CATEGORY,strVehicleCategory
CoreCustomerContract,tariffMTL,tariffGridObj,TRAN_MODE,strTranMode
CoreCustomerContract,tariffMTL,tariffGridObj,PRICE_BASIS,strPriceBasis
CoreCustomerContract,tariffMTL,tariffGridObj,PRICE,iPrice
CoreCustomerContract,tariffMTL,tariffGridObj,SLAB_FROM_VALUE,iSlabFromValue
CoreCustomerContract,tariffMTL,tariffGridObj,SLAB_TO_VALUE,iSlabToValue
CoreCustomerContract,tariffMTL,tariffGridObj,SLAB_BASIS,strSlabBasis
CoreCustomerContract,tariffMTL,tariffGridObj,REMARKS,strRemarks
CoreCustomerContract,tariffMTL,tariffGridObj,AMENDMENT_NO,iAmendmentNo
CoreInspectorService,MTLProcess,assignInspectorObj,recStatus,recStatus
CoreInspectorService,MTLProcess,assignInspectorObj,select,select
CoreInspectorService,MTLProcess,assignInspectorObj,INSPECTION_DATE,dtInspectionDate
CoreInspectorService,MTLProcess,assignInspectorObj,INSPECTION_TIME,iInspectionTime
CoreInspectorService,MTLProcess,assignInspectorObj,TRUCK_CODE,strTruckCode
CoreInspectorService,MTLProcess,assignInspectorObj,TRUCK_DESC,strTruckDesc
CoreInspectorService,MTLProcess,assignInspectorObj,DRIVER_CODE,strDriverCode
CoreInspectorService,MTLProcess,assignInspectorObj,DRIVER_NAME,strDriverName
CoreInspectorService,MTLProcess,assignInspectorObj,INSPECTION_NO,strInspectionNo
CoreInspectionsService,inspectionCache,inspectionCacheObj,recStatus,recStatus
CoreInspectionsService,inspectionCache,inspectionCacheObj,REFERENCE_TYPE,strRefType
CoreInspectionsService,inspectionCache,inspectionCacheObj,REFERENCE_NO,strRefNo
CoreInspectionsService,inspectionCache,inspectionCacheObj,REMARKS,strRemarks
CoreInspectionsService,inspectionCache,inspectionCacheObj,ATTACH_DOCUMENT,strAttachDocument
CoreInspectionsService,assigninspector,assignInspectorObj,recStatus,recStatus
CoreInspectionsService,assigninspector,assignInspectorObj,select,select
CoreInspectionsService,assigninspector,assignInspectorObj,INSPECTION_DATE,dtInspectionDate
CoreInspectionsService,assigninspector,assignInspectorObj,INSPECTION_TIME,iInspectionTime
CoreInspectionsService,assigninspector,assignInspectorObj,TRUCK_CODE,strTruckCode
CoreInspectionsService,assigninspector,assignInspectorObj,TRUCK_DESC,strTruckDesc
CoreInspectionsService,assigninspector,assignInspectorObj,DRIVER_CODE,strDriverCode
CoreInspectionsService,assigninspector,assignInspectorObj,DRIVER_NAME,strDriverName
CoreInspectionsService,assigninspector,assignInspectorObj,INSPECTION_NO,strInspectionNo
CoreInspectionsService,assigninspector,assignInspectorObj,INSPECTOR_NAME,strInspectorName
CoreInspectionsService,assigninspector,assignInspectorObj,WAYBILL_NO,strWaybillNo
CoreInspectionsService,assigninspector,assignInspectorObj,INSPECTION_STATUS,strInspectionStatus
CoreInspectionsService,assigninspector,assignInspectorObj,VEHICLE_CATEGORY,strVehicleCategory
CoreInspectionsService,checkLoadList,checkLoadListObj,recStatus,recStatus
CoreInspectionsService,checkLoadList,checkLoadListObj,CHK_LIST_CODE,strCheckListCode
CoreInspectionsService,checkLoadList,checkLoadListObj,CHKLST_DTL_SEQ_NO,iChkLstDtlSeqNo
CoreInspectionsService,checkLoadList,checkLoadListObj,CHKLST_DTL_DESC,strCheckListDesc
CoreInspectionsService,checkLoadList,checkLoadListObj,OPTION_DESCCSV,strOptionDescCsv
CoreInspectionsService,checkLoadList,checkLoadListObj,ANSWER,strAnswer
CoreInspectionsService,checkLoadList,checkLoadListObj,IMAGES,strImages
CoreInspectionsService,checkLoadList,checkLoadListObj,ANSWER_NXT,strAnswerNxt
CoreInspectionsService,checkLoadList,checkLoadListObj,ANSWER_LST,strAnswerLst
CoreInspectionsService,checkLoadList,checkLoadListObj,CHKLST_DTL_SEQ_NO_LST,iSeqNoLst
CoreInspectionsService,checkLoadList,checkLoadListObj,CHKLST_DTL_SEQ_NO_NXT,iSeqNoNxt
CoreInspectionsService,checkLoadList,checkLoadListObj,IMAGES_NXT,strImagesNxt
CoreInspectionsService,checkLoadList,checkLoadListObj,IMAGES_LST,strImagesLst
CoreInspectionsService,newCheckListGrid,newCheckListGridObj,recStatus,recStatus
CoreInspectionsService,newCheckListGrid,newCheckListGridObj,CHK_LIST_CODE,strCheckListCode
CoreInspectionsService,newCheckListGrid,newCheckListGridObj,CHKLST_DTL_SEQ_NO,iSeqNo
CoreInspectionsService,newCheckListGrid,newCheckListGridObj,ANSWER,strAnswer
CoreInspectionsService,newCheckListGrid,newCheckListGridObj,ANSWER_NXT,strAnswerNxt
CoreInspectionsService,newCheckListGrid,newCheckListGridObj,ANSWER_LST,strAnswerLst
CoreInspectionsService,newCheckListGrid,newCheckListGridObj,CHKLST_DTL_SEQ_NO_NXT,iSeqNoNxt
CoreInspectionsService,newCheckListGrid,newCheckListGridObj,CHKLST_DTL_SEQ_NO_LST,iSeqNoLst
CoreInspectionsService,newCheckListGrid,newCheckListGridObj,IMAGES,strImages
CoreInspectionsService,newCheckListGrid,newCheckListGridObj,IMAGES_NXT,strImagesNxt
CoreInspectionsService,newCheckListGrid,newCheckListGridObj,IMAGES_LST,strImagesLst
CoreInspectionsService,MTLProcessMobile,AcknowledgeObj,INSPECTION_NO,strInspectionNo
CoreInspectionsService,MTLProcessMobile,AcknowledgeObj,INSPECTION_TYPE,strInspectionType
CoreInspectionsService,assignCache,assignCacheObj,recStatus,recStatus
CoreInspectionsService,assignCache,assignCacheObj,STEP_NAME,strStepName
CoreInspectionsService,assignCache,assignCacheObj,STEP_DATE,strStep_date
CoreInspectionsService,assignCache,assignCacheObj,STEP_TIME,strStep_Time
CoreInspectionsService,assignCache,assignCacheObj,INSPECTOR_NAME,strInspector_name
CoreInspectionsService,assignCache,assignCacheObj,INSPECTION_POINT,strInspection_point
CoreInspectionsService,assignCache,assignCacheObj,ASSIGN_STATUS,strAssignStatus
CoreInspectionsService,assignCache,assignCacheObj,select,strSelect
CoreInspectionsService,fetchcheckListGrid,fetchcheckListGridObj,recStatus,recStatus
CoreInspectionsService,fetchcheckListGrid,fetchcheckListGridObj,CHK_LIST_CODE,strCheckListCode
CoreInspectionsService,fetchcheckListGrid,fetchcheckListGridObj,CHKLIST_NAME,strCheckListName
CoreInspectionsService,fetchcheckListGrid,fetchcheckListGridObj,CHKLST_DTL_DESC,strCheckListDesc
CoreInspectionsService,fetchcheckListGrid,fetchcheckListGridObj,DTL_SEQ_NO,iSeqNo
CoreInspectionsService,fetchcheckListGrid,fetchcheckListGridObj,OPTION_DESCCSV,strOptionDescCsv
CoreInspectionsService,fetchcheckListGrid,fetchcheckListGridObj,CHK_LIST_FLAG,strAnswer
CoreInspectionsService,fetchcheckListGrid,fetchcheckListGridObj,CHKLST_DTL_DESC,strCheckListDesc
CoreInspectionsService,fetchcheckListGrid,fetchcheckListGridObj,ATTACH_DOCUMENT,strAttachDocument
CoreInspectionsService,checkListGrid,inspectionCheckListObj,recStatus,recStatus
CoreInspectionsService,checkListGrid,inspectionCheckListObj,CHK_LIST_CODE,strCheckListCode
CoreInspectionsService,checkListGrid,inspectionCheckListObj,CHKLST_DTL_SEQ_NO,iSeqNo
CoreInspectionsService,checkListGrid,inspectionCheckListObj,ANSWER,strAnswer
CoreInspectionsService,checkListGrid,inspectionCheckListObj,IMAGES,strImages
CoreInspectionsService,checkListGrid,inspectionCheckListObj,ANSWER_NXT,strAnswerNxt
CoreInspectionsService,checkListGrid,inspectionCheckListObj,ANSWER_LST,strAnswerLst
CoreInspectionsService,checkListGrid,inspectionCheckListObj,CHKLST_DTL_SEQ_NO_NXT,iSeqNoNxt
CoreInspectionsService,checkListGrid,inspectionCheckListObj,CHKLST_DTL_SEQ_NO_LST,iSeqNoLst
CoreInspectionsService,checkListGrid,inspectionCheckListObj,IMAGES_NXT,strImagesNxt
CoreInspectionsService,checkListGrid,inspectionCheckListObj,IMAGES_LST,strImagesLst
CoreInspectionsService,DynMTLFetch,queryObj,COLUMN_NAME,columnName
CoreInspectionsService,DynMTLFetch,queryObj,OPERATOR,strOperator
CoreInspectionsService,DynMTLFetch,queryObj,CONTROL_ID,strControlid
CoreInspectionsService,DynMTLFetch,queryObj,DEFAULT_VALUE,strDefault
CoreInspectionsService,MandatoryTyresPhotoUpload,MandatoryTyresPhotoUploadObj,recStatus,recStatus
CoreInspectionsService,MandatoryTyresPhotoUpload,MandatoryTyresPhotoUploadObj,TYRE_POSITION,strManTyrePosition
CoreInspectionsService,MandatoryTyresPhotoUpload,MandatoryTyresPhotoUploadObj,ASSET_TYPE,strManAssetType
CoreInspectionsService,MandatoryTyresPhotoUpload,MandatoryTyresPhotoUploadObj,FILE_NAME,strManFileName
CoreInspectionsService,MandatoryTyresPhotoUpload,MandatoryTyresPhotoUploadObj,REMARKS,strManRemarks
CoreInspectionsService,MandatoryTyresPhotoUpload,MandatoryTyresPhotoUploadObj,select,strSelect
CoreInspectionsService,MandatoryTyresPhotoUpload,MandatoryTyresPhotoUploadObj,UPLOAD_PHOTO,strManUploadPhoto
CoreInspectionsService,MandatoryTyresPhotoUpload,MandatoryTyresPhotoUploadObj,cueRowId,cueRowId
CoreInspectionsService,OptionalTyresPhotoUpload,OptionalTyresPhotoUploadObj,recStatus,recStatus
CoreInspectionsService,OptionalTyresPhotoUpload,OptionalTyresPhotoUploadObj,TYRE_POSITION,strOptTyrepos
CoreInspectionsService,OptionalTyresPhotoUpload,OptionalTyresPhotoUploadObj,ASSET_TYPE,strOptAssettype
CoreInspectionsService,OptionalTyresPhotoUpload,OptionalTyresPhotoUploadObj,FILE_NAME,strOptFileName
CoreInspectionsService,OptionalTyresPhotoUpload,OptionalTyresPhotoUploadObj,REMARKS,strOptRemarks
CoreInspectionsService,OptionalTyresPhotoUpload,OptionalTyresPhotoUploadObj,select,strSelect
CoreInspectionsService,OptionalTyresPhotoUpload,OptionalTyresPhotoUploadObj,UPLOAD_PHOTO,strOptUploadPhoto
CoreInspectionsService,OptionalTyresPhotoUpload,OptionalTyresPhotoUploadObj,cueRowId,cueRowId
CoreJourneyAssessmentService,MTLProcess,journeyAssessment_obj,recStatus,recStatus
CoreJourneyAssessmentService,MTLProcess,journeyAssessment_obj,CHKLST_DTL_DESC,strChecklistDesc
CoreJourneyAssessmentService,MTLProcess,journeyAssessment_obj,CHKLST_DTL_SEQ_NO,iSeqNo
CoreJourneyAssessmentService,MTLProcess,journeyAssessment_obj,OPTION_DESCCSV,strChecklistOption
CoreJourneyAssessmentService,MTLProcess,journeyAssessment_obj,CHK_LIST_FLAG,strChecklistAnswer
CoreJourneyAssessmentService,MTLProcess,journeyAssessment_obj,WEIGHTAGE,iChecklistScore
CoreJourneyAssessmentService,MTLProcess,journeyAssessment_obj,CHK_LIST_NAME,strChecklistCode
CoreJourneyAssessmentService,MTLProcess,journeyAssessment_obj,ATTACH_DOCUMENT,strAttachment
CoreJourneyAssessmentService,ebPAC,routeDtlObj,ROUTE_DTL_SEQ_NO,iSeqNo
CoreJourneyAssessmentService,ebPAC,routeDtlObj,INTRANSIT_ORIGIN,tempOrigin
CoreJourneyAssessmentService,ebPAC,routeDtlObj,INTRANSIT_DEST,tempDestination
CoreJourneyAssessmentService,ebPAC,routeDtlObj,ROUTE_DTL_SEQ_NO,iSeqNo
CoreJourneyAssessmentService,ebPAC,routeDtlObj,INTRANSIT_ORIGIN,strIntransitOrigin
CoreJourneyAssessmentService,ebPAC,routeDtlObj,INTRANSIT_DEST,strIntransitDestination
CoreJourneyAssessmentService,MTLProcess_JPParam,journeyAssessmentMappingObj,recStatus,recStatus
CoreJourneyAssessmentService,MTLProcess_JPParam,journeyAssessmentMappingObj,RANGE_FROM,iRangeFrom
CoreJourneyAssessmentService,MTLProcess_JPParam,journeyAssessmentMappingObj,RANGE_TO,iRangeTo
CoreJourneyAssessmentService,MTLProcess_JPParam,journeyAssessmentMappingObj,CATEGORY,strCategory
CoreViolationService,MTLProcess,violationDtlObj,CONSEQUENCE,strConsequence
CoreViolationService,MTLProcess,violationDtlObj,OCCURANCE_FREQUENCY,strFrequency
CoreViolationService,MTLProcess,violationDtlObj,VALIDITY_IN_MONTHS,strValidityInMnths
CoreViolationService,MTLProcess,violationDtlObj,VOL_SLNO,iSeqNo
CoreViolationService,MTLProcess,violationDtlObj,recStatus,recStatus
CoreAdminebpac,MTLProcess,roleDtlObj,recStatus,recStatus
CoreAdminebpac,MTLProcess,roleDtlObj,SCREEN_ID,strScreenId
CoreAdminebpac,MTLProcess,roleDtlObj,SCREEN_DESC,strScreenDesc
CoreAdminebpac,MTLProcess,roleDtlObj,MODULE_ID,strModuleId
CoreAdminebpac,MTLProcess,roleDtlObj,MODULE_DESC,strModuleDesc
CoreAdminebpac,MTLProcess,roleDtlObj,PERMISSION,strPermission
CoreAdminebpac,MTLProcess,roleDtlObj,USER_ID,strBulkUserId
CoreAdminebpac,MTLProcess,roleDtlObj,USER_NAME,strUserName
CoreAdminebpac,MTLProcess,roleDtlObj,EMAIL_ID,strEmailId
CoreAdminebpac,MTLProcess,roleDtlObj,STATUS,strUserStatus
CoreAdminebpac,MTLProcess,roleDtlObj,USER_TYPE,strUserType
CoreAdminebpac,MTLProcess,roleDtlObj,EFFECTIVE_FROM,dtEffectiveFrom
CoreAdminebpac,MTLProcess,roleDtlObj,EFFECTIVE_TO,dtEffectiveTo
CoreAdminebpac,MTLProcess,roleDtlObj,REASONS,strReasons
CoreAdminebpac,MTLProcess,roleDtlObj,REMARKS,strRemarks
CoreAdminebpac,MTLProcess,roleDtlObj,COMPONENT_ID,strComponentId
CoreAdminebpac,MTLProcess,roleDtlObj,TASK_ID,strTaskId
CoreAdminebpac,MTLProcess,roleDtlObj,PHONE_NUMBER,iPhoneNo
CoreAdminebpac,MTLProcess,roleDtlObj,ENTITY_CODE,strEntityCode
CoreAdminebpac,MTLProcess,roleDtlObj,CONTROL_ID,strControlid
CoreAdminebpac,MTLProcess,roleDtlObj,VISIBLE,strVisible
CoreAdminebpac,MTLProcess,roleDtlObj,READ_ONLY,strReadonly
CoreAdminebpac,MTLProcess,roleDtlObj,CONTROL_TYPE,strControlType
CoreAdminebpac,MTLProcess,roleDtlObj,GRID_ID,strGridid
CoreAdminebpac,MTLProcess,roleDtlObj,SUPER_ROLE,strSuperRole1
CoreAdminebpac,MTLProcessRoleOU,UserOURoleDtlObj,recStatus,recStatus
CoreAdminebpac,MTLProcessRoleOU,UserOURoleDtlObj,SEQ_NO,iSeqNo
CoreAdminebpac,MTLProcessRoleOU,UserOURoleDtlObj,USER_ID,strNewUserId
CoreAdminebpac,MTLProcessRoleOU,UserOURoleDtlObj,USER_NAME,strNewUserName
CoreAdminebpac,MTLProcessRoleOU,UserOURoleDtlObj,USER_STATUS,strUserStatus
CoreAdminebpac,MTLProcessRoleOU,UserOURoleDtlObj,OU_CODE,strOuCode
CoreAdminebpac,MTLProcessRoleOU,UserOURoleDtlObj,OU_NAME,strOuName
CoreAdminebpac,MTLProcessRoleOU,UserOURoleDtlObj,OU_STATUS,strOuStatus
CoreAdminebpac,MTLProcessRoleOU,UserOURoleDtlObj,DEFAULT_OU,strDefaultOu
CoreAdminebpac,MTLProcessRoleOU,UserOURoleDtlObj,ROLE_ID,strRoleId
CoreAdminebpac,MTLProcessRoleOU,UserOURoleDtlObj,ROLE_NAME,strRoleName
CoreAdminebpac,MTLProcessRoleOU,UserOURoleDtlObj,DEFAULT_ROLE,strDefaultRole
CoreAdminebpac,MTLROLETASK,roleDtlObj,recStatus,recStatus
CoreAdminebpac,MTLROLETASK,roleDtlObj,SCREEN_ID,strScreenId
CoreAdminebpac,MTLROLETASK,roleDtlObj,SCREEN_DESC,strScreenDesc
CoreAdminebpac,MTLROLETASK,roleDtlObj,MODULE_ID,strModuleId
CoreAdminebpac,MTLROLETASK,roleDtlObj,MODULE_DESC,strModuleDesc
CoreAdminebpac,MTLROLETASK,roleDtlObj,PERMISSION,strPermission
CoreAdminebpac,MTLROLETASK,roleDtlObj,USER_ID,strBulkUserId
CoreAdminebpac,MTLROLETASK,roleDtlObj,USER_NAME,strUserName
CoreAdminebpac,MTLROLETASK,roleDtlObj,EMAIL_ID,strEmailId
CoreAdminebpac,MTLROLETASK,roleDtlObj,STATUS,strUserStatus
CoreAdminebpac,MTLROLETASK,roleDtlObj,USER_TYPE,strUserType
CoreAdminebpac,MTLROLETASK,roleDtlObj,EFFECTIVE_FROM,dtEffectiveFrom
CoreAdminebpac,MTLROLETASK,roleDtlObj,EFFECTIVE_TO,dtEffectiveTo
CoreAdminebpac,MTLROLETASK,roleDtlObj,REASONS,strReasons
CoreAdminebpac,MTLROLETASK,roleDtlObj,REMARKS,strRemarks
CoreAdminebpac,MTLROLETASK,roleDtlObj,COMPONENT_ID,strComponentId
CoreAdminebpac,MTLROLETASK,roleDtlObj,TASK_ID,strTaskId
CoreAdminebpac,MTLROLETASK,roleDtlObj,PHONE_NUMBER,iPhoneNo
CoreAdminebpac,MTLROLETASK,roleDtlObj,ENTITY_CODE,strEntityCode
CoreAdminebpac,MTLROLETASK,roleDtlObj,CONTROL_ID,strControlid
CoreAdminebpac,MTLROLETASK,roleDtlObj,VISIBLE,strVisible
CoreAdminebpac,MTLROLETASK,roleDtlObj,READ_ONLY,strReadonly
CoreAdminebpac,MTLROLETASK,roleDtlObj,CONTROL_TYPE,strControlType
CoreAdminebpac,MTLROLETASK,roleDtlObj,GRID_ID,strGridid
CoreAdminebpac,MTLROLETASK,roleDtlObj,SUPER_ROLE,strSuperRole1
CoreAdminebpac,MTLBULKUSER,roleDtlObj,recStatus,recStatus
CoreAdminebpac,MTLBULKUSER,roleDtlObj,SCREEN_ID,strScreenId
CoreAdminebpac,MTLBULKUSER,roleDtlObj,SCREEN_DESC,strScreenDesc
CoreAdminebpac,MTLBULKUSER,roleDtlObj,MODULE_ID,strModuleId
CoreAdminebpac,MTLBULKUSER,roleDtlObj,MODULE_DESC,strModuleDesc
CoreAdminebpac,MTLBULKUSER,roleDtlObj,PERMISSION,strPermission
CoreAdminebpac,MTLBULKUSER,roleDtlObj,USER_ID,strBulkUserId
CoreAdminebpac,MTLBULKUSER,roleDtlObj,USER_NAME,strUserName
CoreAdminebpac,MTLBULKUSER,roleDtlObj,EMAIL_ID,strEmailId
CoreAdminebpac,MTLBULKUSER,roleDtlObj,STATUS,strUserStatus
CoreAdminebpac,MTLBULKUSER,roleDtlObj,USER_TYPE,strUserType
CoreAdminebpac,MTLBULKUSER,roleDtlObj,EFFECTIVE_FROM,dtEffectiveFrom
CoreAdminebpac,MTLBULKUSER,roleDtlObj,EFFECTIVE_TO,dtEffectiveTo
CoreAdminebpac,MTLBULKUSER,roleDtlObj,REASONS,strReasons
CoreAdminebpac,MTLBULKUSER,roleDtlObj,REMARKS,strRemarks
CoreAdminebpac,MTLBULKUSER,roleDtlObj,COMPONENT_ID,strComponentId
CoreAdminebpac,MTLBULKUSER,roleDtlObj,TASK_ID,strTaskId
CoreAdminebpac,MTLBULKUSER,roleDtlObj,PHONE_NUMBER,iPhoneNo
CoreAdminebpac,MTLBULKUSER,roleDtlObj,ENTITY_CODE,strEntityCode
CoreAdminebpac,MTLBULKUSER,roleDtlObj,CONTROL_ID,strControlid
CoreAdminebpac,MTLBULKUSER,roleDtlObj,VISIBLE,strVisible
CoreAdminebpac,MTLBULKUSER,roleDtlObj,READ_ONLY,strReadonly
CoreAdminebpac,MTLBULKUSER,roleDtlObj,CONTROL_TYPE,strControlType
CoreAdminebpac,MTLBULKUSER,roleDtlObj,GRID_ID,strGridid
CoreAdminebpac,MTLBULKUSER,roleDtlObj,SUPER_ROLE,strSuperRole1
CoreSystemParameterTS,MTLProcess,geoAreasObj,recStatus,recStatus
CoreSystemParameterTS,MTLProcess,geoAreasObj,select,strSelect
CoreSystemParameterTS,MTLProcess,geoAreasObj,ZIP_CODE,strZipCode
CoreSystemParameterTS,MTLProcess,geoAreasObj,CITY,strCity
CoreSystemParameterTS,MTLProcess,geoAreasObj,STATE,strState
CoreSystemParameterTS,ExclusionGrid,excGridObj,recStatus,recStatus
CoreSystemParameterTS,ExclusionGrid,excGridObj,select,strSelect
CoreSystemParameterTS,ExclusionGrid,excGridObj,ZIP_CODE,strZipCode
CoreSystemParameterTS,ExclusionGrid,excGridObj,CITY,strCity
CoreSystemParameterTS,ExclusionGrid,excGridObj,STATE,strState
CoreSystemParameterTS,SERLANE,laneMapGridObj,recStatus,recStatus
CoreSystemParameterTS,SERLANE,laneMapGridObj,select,strSelect
CoreSystemParameterTS,SERLANE,laneMapGridObj,LANE_CODE,strLaneCode
CoreSystemParameterTS,SERLANE,laneMapGridObj,REGION_FROM,strRegFrom
CoreSystemParameterTS,SERLANE,laneMapGridObj,REGION_TO,strRegTo
CoreSystemParameterTS,JBdashDtlCache,JBdashDtlCacheObj,recStatus,recStatus
CoreSystemParameterTS,JBdashDtlCache,JBdashDtlCacheObj,select,strSelect
CoreSystemParameterTS,JBdashDtlCache,JBdashDtlCacheObj,PERIOD,strPeriod
CoreSystemParameterTS,JBdashDtlCache,JBdashDtlCacheObj,FROM_TIME,strFromTime
CoreSystemParameterTS,JBdashDtlCache,JBdashDtlCacheObj,TO_TIME,strToTime
CoreSystemParameterTS,JBdashDtlCache,JBdashDtlCacheObj,SEQNO,iSeqNo
CoreSystemParameterTS,SLDtlCache,SLDtlCacheObj,recStatus,recStatus
CoreSystemParameterTS,SLDtlCache,SLDtlCacheObj,select,strSelect
CoreSystemParameterTS,SLDtlCache,SLDtlCacheObj,REGION,strRegion
CoreSystemParameterTS,SLDtlCache,SLDtlCacheObj,LANE,strLane
CoreSystemParameterTS,SLDtlCache,SLDtlCacheObj,COMMODITY,strCommodity
CoreSystemParameterTS,SLDtlCache,SLDtlCacheObj,VEHICLE_CATEGORY,strVehicleCategory
CoreSystemParameterTS,SLDtlCache,SLDtlCacheObj,SLA_TIME,strSLATime
CoreSystemParameterTS,SLDtlCache,SLDtlCacheObj,SEQNO,iSeqNo
CoreSystemParameterTS,SLDtlCache,SLDtlCacheObj,PRIORITY,strPriority
CoreSystemParameterTS,TraceTraceDtlCache,TraceTraceDtlCacheObj,recStatus,recStatus
CoreSystemParameterTS,TraceTraceDtlCache,TraceTraceDtlCacheObj,select,strSelect
CoreSystemParameterTS,TraceTraceDtlCache,TraceTraceDtlCacheObj,MILESTONES,strMileStones
CoreSystemParameterTS,TraceTraceDtlCache,TraceTraceDtlCacheObj,ACCEPTABLE_TIME,strAcceptableTime
CoreSystemParameterTS,TraceTraceDtlCache,TraceTraceDtlCacheObj,SEQNO,iSeqNo
CoreSystemParameterTS,CHGRNG,chgrngMapGridObj,recStatus,recStatus
CoreSystemParameterTS,CHGRNG,chgrngMapGridObj,select,strSelect
CoreSystemParameterTS,CHGRNG,chgrngMapGridObj,SERVICE_ITEM,strServiceItem
CoreSystemParameterTS,CHGRNG,chgrngMapGridObj,SERVICE_ITEM_DESC,strServiceItemDesc
CoreSystemParameterTS,CHGRNG,chgrngMapGridObj,CHARGE_CODE,strChargeCode
CoreSystemParameterTS,CHGRNG,chgrngMapGridObj,LANE_CODE,strLaneCode
CoreSystemParameterTS,CHGRNG,chgrngMapGridObj,LANE_DESC,strLaneDesc
CoreSystemParameterTS,CHGRNG,chgrngMapGridObj,CHARGE_DESC,strChargeDesc
CoreSystemParameterTS,CHGRNG,chgrngMapGridObj,CHARGE_BASIS,strChargeBasis
CoreSystemParameterTS,CHGRNG,chgrngMapGridObj,RATE,iRate
CoreSystemParameterTS,CHGRNG,chgrngMapGridObj,MIN_AMT,iMinAmt
CoreSystemParameterTS,CHGRNG,chgrngMapGridObj,MAX_AMT,iMaxAmt
CoreSystemParameterTS,CHGRNG,chgrngMapGridObj,CHG_LINE_NO,iChgLineNo
CoreSystemParameterTS,CHGRNG,chgrngMapGridObj,RNG_LINE_NO,iRngLineNo
CoreSystemParameterTS,CHGRNG,chgrngMapGridObj,RANGE_FROM,iRangeFrom
CoreSystemParameterTS,CHGRNG,chgrngMapGridObj,RANGE_TO,iRangeTo
CoreSystemParameterTS,DataSecurityCache,DataSecurityCacheObj,recStatus,recStatus
CoreSystemParameterTS,DataSecurityCache,DataSecurityCacheObj,select,strSelect
CoreSystemParameterTS,DataSecurityCache,DataSecurityCacheObj,SEQNO,iSeqNo
CoreSystemParameterTS,DataSecurityCache,DataSecurityCacheObj,FLAG,strYesNo
CoreSystemParameterTS,DataSecurityCache,DataSecurityCacheObj,MODULE_ID,strModule
CoreSystemParameterTS,VehReleaseDtlCache,VehReleaseDtlCacheObj,recStatus,recStatus
CoreSystemParameterTS,VehReleaseDtlCache,VehReleaseDtlCacheObj,select,strSelect
CoreSystemParameterTS,VehReleaseDtlCache,VehReleaseDtlCacheObj,REGION,strRegion
CoreSystemParameterTS,VehReleaseDtlCache,VehReleaseDtlCacheObj,LOC_NAME,strLocationName
CoreSystemParameterTS,VehReleaseDtlCache,VehReleaseDtlCacheObj,LOC_CODE,strLocationCode
CoreSystemParameterTS,LoadingTimeconfig,LoadingTimeconfigObj,recStatus,recStatus
CoreSystemParameterTS,LoadingTimeconfig,LoadingTimeconfigObj,select,strSelect
CoreSystemParameterTS,LoadingTimeconfig,LoadingTimeconfigObj,FRM_LOC_CODE,strFrmLocCode
CoreSystemParameterTS,LoadingTimeconfig,LoadingTimeconfigObj,TO_LOC_CODE,strToLocCode
CoreSystemParameterTS,LoadingTimeconfig,LoadingTimeconfigObj,LOADING_TIME,strLoadingTime
CoreSystemParameterTS,IvmsDtlCache,IvmsDtlCacheObj,recStatus,recStatus
CoreSystemParameterTS,IvmsDtlCache,IvmsDtlCacheObj,select,strSelect
CoreSystemParameterTS,IvmsDtlCache,IvmsDtlCacheObj,REGION,strRegion
CoreSystemParameterTS,IvmsDtlCache,IvmsDtlCacheObj,LOC_NAME,strLocationName
CoreSystemParameterTS,IvmsDtlCache,IvmsDtlCacheObj,LOC_CODE,strLocationCode
CoreSystemParameterTS,DataVisibility,DataVisibilityObj,recStatus,recStatus
CoreSystemParameterTS,DataVisibility,DataVisibilityObj,select,strSelect
CoreSystemParameterTS,DataVisibility,DataVisibilityObj,REGION,strRegionType
CoreSystemParameterTS,DataVisibility,DataVisibilityObj,ASSET_TYPE,strAssetType
CoreSystemParameterTS,DataVisibility,DataVisibilityObj,CARRIER,strCarrier
CoreSystemParameterTS,PostInspInterior,PostInspInteriorObj,recStatus,recStatus
CoreSystemParameterTS,PostInspInterior,PostInspInteriorObj,select,strSelect
CoreSystemParameterTS,PostInspInterior,PostInspInteriorObj,REGION,strRegion
CoreSystemParameterTS,PostInspInterior,PostInspInteriorObj,LOC_NAME,strLocationName
CoreSystemParameterTS,PostInspInterior,PostInspInteriorObj,LOC_CODE,strLocationCode
CoreSystemParameterTS,InspectionLocation,InspectionLocationObj,recStatus,recStatus
CoreSystemParameterTS,InspectionLocation,InspectionLocationObj,select,strSelect
CoreSystemParameterTS,InspectionLocation,InspectionLocationObj,LOC_NAME,strLocationName
CoreSystemParameterTS,InspectionLocation,InspectionLocationObj,LOC_CODE,strLocationCode
CoreSystemParameterTS,VehicleInspectionConfig,VehicleInspectionConfigObj,recStatus,recStatus
CoreSystemParameterTS,VehicleInspectionConfig,VehicleInspectionConfigObj,select,strSelect
CoreSystemParameterTS,VehicleInspectionConfig,VehicleInspectionConfigObj,LOC_CODE,strLocationCode
CoreSystemParameterTS,VehicleInspectionConfig,VehicleInspectionConfigObj,INSP_ST_TM,strInspStartTm
CoreSystemParameterTS,VehicleInspectionConfig,VehicleInspectionConfigObj,TIME_MANDATORY,strTimeMen
CoreSystemParameterTS,VehicleInspectionConfig,VehicleInspectionConfigObj,INSP_SLOT_TM,strInspSlotTm
CoreSystemParameterTS,VehicleInspectionConfig,VehicleInspectionConfigObj,NO_OF_TM_SLOT,strNoTimeSlot
CoreSystemParameterTS,SpecialTrailer,SpecialTrailerObj,recStatus,recStatus
CoreSystemParameterTS,SpecialTrailer,SpecialTrailerObj,select,strSelect
CoreSystemParameterTS,SpecialTrailer,SpecialTrailerObj,TRAILER_TYPE,stTrailerType
CoreSystemParameterTS,SELoadingChargesLocations,SELoadingChargesLocationsObj,recStatus,recStatus
CoreSystemParameterTS,SELoadingChargesLocations,SELoadingChargesLocationsObj,select,strSelect
CoreSystemParameterTS,SELoadingChargesLocations,SELoadingChargesLocationsObj,SE_LOC_NAME,strSELoadLocName
CoreSystemParameterTS,SEUnloadingChargesLocations,SEUnloadingChargesLocationsObj,recStatus,recStatus
CoreSystemParameterTS,SEUnloadingChargesLocations,SEUnloadingChargesLocationsObj,select,strSelect
CoreSystemParameterTS,SEUnloadingChargesLocations,SEUnloadingChargesLocationsObj,SE_LOC_NAME,strSEUnloadLocName
CoreSystemParameterTS,ValidateDriverRestRegion,ValidateDriverRestRegionObj,recStatus,recStatus
CoreSystemParameterTS,ValidateDriverRestRegion,ValidateDriverRestRegionObj,select,strSelect
CoreSystemParameterTS,ValidateDriverRestRegion,ValidateDriverRestRegionObj,APPLICABLE_REGION,strApplicableRegion
CoreSystemParameterTS,AutoSleepJPRoute,AutoSleepJPRouteObj,recStatus,recStatus
CoreSystemParameterTS,AutoSleepJPRoute,AutoSleepJPRouteObj,select,strSelect
CoreSystemParameterTS,AutoSleepJPRoute,AutoSleepJPRouteObj,ROUTE_CODE,strRouteCode
CoreSystemParameterTS,AutoSleepJPRoute,AutoSleepJPRouteObj,OVERRIDE_LOC_CODE,strOverrideLoc
CoreSystemParameterTS,AutoSleepJPRoute,AutoSleepJPRouteObj,NEXT_DAY_START_TM,strNextDayStratTM
CoreSystemParameterTS,TyreRFIDEntryLoc,TyreRFIDEntryLocObj,recStatus,recStatus
CoreSystemParameterTS,TyreRFIDEntryLoc,TyreRFIDEntryLocObj,select,strSelect
CoreSystemParameterTS,TyreRFIDEntryLoc,TyreRFIDEntryLocObj,RFID_ENTRY_LOC_CODE,strRfidEntyrLocCode
CoreSystemParameterTS,TyreRFIDEntryLoc,TyreRFIDEntryLocObj,RFID_ENTRY_LOC_NAME,strRfidEntyrLocName
CoreSystemParameterTS,TyreRFIDEntryLoc,TyreRFIDEntryLocObj,VALIDATION_REQUIRED,strRfidValReq
CoreCalendarService,calendarException,calenderExceptionObj,recStatus,recStatus
CoreCalendarService,calendarException,calenderExceptionObj,DATES,dtCalenderDate
CoreCalendarService,calendarException,calenderExceptionObj,STATUS,strStatus
CoreCalendarService,calendarException,calenderExceptionObj,DAY,strDay
CoreCalendarService,calendarException,calenderExceptionObj,REMARKS,strDescription
CoreCalendarService,calendarException,calenderExceptionObj,CALENDAR_CODE,strCalenderCode
CoreCalendarService,constraintDtl,constraintDtlObj,recStatus,recStatus
CoreCalendarService,constraintDtl,constraintDtlObj,CALENDAR_CODE,strCalenderCode
CoreCalendarService,constraintDtl,constraintDtlObj,CONSTRAINT_CODE,strConstraintCode
CoreCalendarService,constraintDtl,constraintDtlObj,CONSTRAINT_DESC,strConstraintDesc
CoreCustomerService,JBdashDtlCacheObj,JBdashDtlCacheObj,recStatus,recStatus
CoreCustomerService,JBdashDtlCacheObj,JBdashDtlCacheObj,select,strSelect
CoreCustomerService,JBdashDtlCacheObj,JBdashDtlCacheObj,LOG_GROUP,strLogGroup
CoreCustomerService,JBdashDtlCacheObj,JBdashDtlCacheObj,DEFAULT_LOGGRP,strDefault
CoreCustomerService,SLDtlCacheObj,SLDtlCacheObj,recStatus,recStatus
CoreCustomerService,SLDtlCacheObj,SLDtlCacheObj,select,strSelect
CoreCustomerService,SLDtlCacheObj,SLDtlCacheObj,DIV_CODE,strLocationCode
CoreCustomerService,SLDtlCacheObj,SLDtlCacheObj,DEFAULT_DIV,strDefault1
CoreRouteService,routeDtlGrid,routeDtlGridObj,recStatus,recStatus
CoreRouteService,routeDtlGrid,routeDtlGridObj,select,strSelect
CoreRouteService,routeDtlGrid,routeDtlGridObj,ROUTE_DTL_SEQ_NO,iSeqNo
CoreRouteService,routeDtlGrid,routeDtlGridObj,INTRANSIT_ORIGIN,strIntransitOrigin
CoreRouteService,routeDtlGrid,routeDtlGridObj,INTRANSIT_DEST,strIntransitDestination
CoreRouteService,routeDtlGrid,routeDtlGridObj,ROUTE_LEG,strRouteLeg
CoreRouteService,routeDtlGrid,routeDtlGridObj,CONSTRAINT_CODE,strConstraintCode
CoreRouteService,routeDtlGrid,routeDtlGridObj,DISTANCE,iDistance
CoreRouteService,routeDtlGrid,routeDtlGridObj,TRANSIT_TIME,tmTransitTime
CoreRouteService,ebPAC,routeDtlObj,ROUTE_DTL_SEQ_NO,iSeqNo
CoreRouteService,ebPAC,routeDtlObj,INTRANSIT_ORIGIN,tempOrigin
CoreRouteService,ebPAC,routeDtlObj,INTRANSIT_DEST,tempDestination
CoreRouteService,ebPAC,routeDtlObj,ROUTE_DTL_SEQ_NO,iSeqNo
CoreRouteService,ebPAC,routeDtlObj,INTRANSIT_ORIGIN,strIntransitOrigin
CoreRouteService,ebPAC,routeDtlObj,INTRANSIT_DEST,strIntransitDestination
CoreRouteService,ebPACReports,routeDtlObj,INTRANSIT_ORIGIN,strIntransitOrigin
CoreRouteService,ebPACReports,routeDtlObj,INTRANSIT_DEST,strIntransitDestination
CoreRouteService,ebPACReports,routeDtlObj,ROUTE_DTL_SEQ_NO,iSeqNo
CoreRouteService,ebPACReports,routeDtlObj,DISTANCE,iDistance
CoreRouteService,ebPACReports,routeDtlObj,recStatus,recStatus
CoreRouteService,ebPACReports,routeDtlObj,ROUTE_LEG,strRouteLeg
CoreRouteService,ebPACReports,routeDtlObj,CONSTRAINT_CODE,strConstraintCode
CoreRouteService,ebPACReports,routeDtlObj,SPEED,strSpeed
CoreRouteService,ebPACReports,routeDtlObj,TRUCK_CATEGORY,strTruckCategory
CoreRouteService,ebPACReports,routeDtlObj,UOM,strDistanceUom
CoreRouteService,ebPACReports,routeDtlObj,ROUTE_CODE,strRouteId
CoreJourneyPlanebpac,PlanDetails,planDetailsObj,recStatus,recStatus
CoreJourneyPlanebpac,PlanDetails,planDetailsObj,INTRANSIT_LOCATION,strTransitLocation
CoreJourneyPlanebpac,PlanDetails,planDetailsObj,MOTEL,strMotel
CoreJourneyPlanebpac,PlanDetails,planDetailsObj,CALL_STATUS,strCallStatus
CoreJourneyPlanebpac,PlanDetails,planDetailsObj,SEQ_NO,iSeqNo
CoreJourneyPlanebpac,PlanDetails,planDetailsObj,PLANNED_ARRIVAL_DATE,dtPlannedArrivalDate
CoreJourneyPlanebpac,PlanDetails,planDetailsObj,PLANNED_ARRIVAL_TIME,tmPlannedArrivalTime
CoreJourneyPlanebpac,PlanDetails,planDetailsObj,ACTUAL_ARRIVAL_DATE,dtActualArrivalDate
CoreJourneyPlanebpac,PlanDetails,planDetailsObj,PLANNED_DEPARTURE_DATE,dtPlannedDepartureDate
CoreJourneyPlanebpac,PlanDetails,planDetailsObj,ACTUAL_DEPARTURE_DATE,dtActualDepartureDate
CoreJourneyPlanebpac,PlanDetails,planDetailsObj,PLANNED_DEPARTURE_TIME,tmPlannedDepartureTime
CoreJourneyPlanebpac,PlanDetails,planDetailsObj,ACTUAL_DEPARTURE_TIME,tmActualDepartureTime
CoreJourneyPlanebpac,PlanDetails,planDetailsObj,NEW_PLANNED_ARRIVAL_TIME,tmNewPlanArrivalTime
CoreJourneyPlanebpac,PlanDetails,planDetailsObj,NEW_PLANNED_ARRIVAL_DATE,dtNewPlanArrivalDate
CoreJourneyPlanebpac,PlanDetails,planDetailsObj,NEW_PLANNED_DEPARTURE_TIME,tmNewPlanDepartureTime
CoreJourneyPlanebpac,PlanDetails,planDetailsObj,NEW_PLANNED_DEPARTURE_DATE,dtNewPlanDepartureDate
CoreJourneyPlanebpac,PlanDetails,planDetailsObj,ACTUAL_ARRIVAL_TIME,tmActualArrivalTime
CoreJourneyPlanebpac,PlanDetails,planDetailsObj,ACTION_TYPE,strAction
CoreJourneyPlanebpac,PlanDetails,planDetailsObj,DELAY_REASON,strDelayReason
CoreJourneyPlanebpac,PlanDetails,planDetailsObj,CALLJM,strCallJMNo
CoreJourneyPlanebpac,ViolationDetails,violationDetailsObj,recStatus,recStatus
CoreJourneyPlanebpac,ViolationDetails,violationDetailsObj,VIOLATION_CODE,strViolationCode
CoreJourneyPlanebpac,ViolationDetails,violationDetailsObj,VIOLATION_TYPE,strViolationType
CoreJourneyPlanebpac,ViolationDetails,violationDetailsObj,VIOLATION_DESC,strViolationDecription
CoreJourneyPlanebpac,ViolationDetails,violationDetailsObj,EXISTING_VIOLATION,strExistingViolation
CoreJourneyPlanebpac,ViolationDetails,violationDetailsObj,CURRENT_VIOLATION,strCurrentViolation
CoreJourneyPlanebpac,ViolationDetails,violationDetailsObj,REMARKS,strViolationRemarks
CoreJourneyPlanebpac,ViolationDetails,violationDetailsObj,DRIVER_CODE,strDriverCode
CoreJourneyPlanebpac,ViolationDetails,violationDetailsObj,S_NO,iSeqNo
CoreJourneyPlanebpac,ItemDetails,itemDetailsObj,recStatus,recStatus
CoreJourneyPlanebpac,ItemDetails,itemDetailsObj,ITEM_CODE,strItemCode
CoreJourneyPlanebpac,ItemDetails,itemDetailsObj,ITEM_DESCRIPTION,strItemDescription
CoreJourneyPlanebpac,ItemDetails,itemDetailsObj,ITEM_QUANTITY,iQuantity
CoreJourneyPlanebpac,ItemDetails,itemDetailsObj,ITEM_STANDARD_UOM,iStandardUOM
CoreJourneyPlanebpac,ItemDetails,itemDetailsObj,WEIGHT_IN_KG,iWeightInKG
CoreJourneyPlanebpac,ItemDetails,itemDetailsObj,TOTAL_WEIGHT,fTotalWeight
CoreJourneyPlanebpac,ItemDetails,itemDetailsObj,SEQ_NO,iSeqNo
CoreJourneyPlanebpac,ToolBoxDetails,toolBoxTalkDetailsObj,recStatus,recStatus
CoreJourneyPlanebpac,ToolBoxDetails,toolBoxTalkDetailsObj,TOOLBOX_TYPE,strToolBoxCode
CoreJourneyPlanebpac,ToolBoxDetails,toolBoxTalkDetailsObj,TYPE_DESC,strToolBoxTalks
CoreJourneyPlanebpac,ToolBoxDetails,toolBoxTalkDetailsObj,SEQ_NO,iSeqNo
CoreJourneyPlanebpac,ReferenceDetails,referenceDetailsObj,recStatus,recStatus
CoreJourneyPlanebpac,ReferenceDetails,referenceDetailsObj,REMARKS,strReferenceRemarks
CoreJourneyPlanebpac,ReferenceDetails,referenceDetailsObj,REFERENCE_TYPE,strReferenceType
CoreJourneyPlanebpac,ReferenceDetails,referenceDetailsObj,REFERENCE_NO,strReferenceNo
CoreJourneyPlanebpac,ReferenceDetails,referenceDetailsObj,SEQ_NO,iSeqNo
CoreJourneyPlanebpac,PassengerDetails,passengerDetailsObj,recStatus,recStatus
CoreJourneyPlanebpac,PassengerDetails,passengerDetailsObj,PASSENGER,strPassenger
CoreJourneyPlanebpac,PassengerDetails,passengerDetailsObj,REMARKS,strPassengerRemarks
CoreJourneyPlanebpac,PassengerDetails,passengerDetailsObj,SERIAL_NO,iSeqNo
CoreJourneyPlanebpac,DeBriefing,DebreifingDetailsObj,recStatus,recStatus
CoreJourneyPlanebpac,DeBriefing,DebreifingDetailsObj,TYPE,strType
CoreJourneyPlanebpac,DeBriefing,DebreifingDetailsObj,SUB_TYPE,strSubType
CoreJourneyPlanebpac,DeBriefing,DebreifingDetailsObj,DETAILS,strDetails
CoreJourneyPlanebpac,DeBriefing,DebreifingDetailsObj,SEQ_NO,iSeqNo
CoreJourneyPlanebpac,journeyResource,journeyResourceObj,recStatus,recStatus
CoreJourneyPlanebpac,journeyResource,journeyResourceObj,SEQ_NO,iSeqNo
CoreJourneyPlanebpac,journeyResource,journeyResourceObj,JOURNEY_PLAN_NO,strJourneyPlanNo
CoreJourneyPlanebpac,journeyResource,journeyResourceObj,EMPLOYEE_CODE,strTrackerName
CoreJourneyPlanebpac,journeyResource,journeyResourceObj,select,select
CoreJourneyPlanebpac,manualplanDetails,manualplanDetailsObj,recStatus,recStatus
CoreJourneyPlanebpac,manualplanDetails,manualplanDetailsObj,INTRANSIT_LOCATION,strTransitLocation
CoreJourneyPlanebpac,manualplanDetails,manualplanDetailsObj,MOTEL,strMotel
CoreJourneyPlanebpac,manualplanDetails,manualplanDetailsObj,CALL_STATUS,strCallStatus
CoreJourneyPlanebpac,manualplanDetails,manualplanDetailsObj,SEQ_NO,iSeqNo
CoreJourneyPlanebpac,manualplanDetails,manualplanDetailsObj,PLANNED_ARRIVAL_DATE,dtPlannedArrivalDate
CoreJourneyPlanebpac,manualplanDetails,manualplanDetailsObj,PLANNED_ARRIVAL_TIME,tmPlannedArrivalTime
CoreJourneyPlanebpac,manualplanDetails,manualplanDetailsObj,ACTUAL_ARRIVAL_DATE,dtActualArrivalDate
CoreJourneyPlanebpac,manualplanDetails,manualplanDetailsObj,PLANNED_DEPARTURE_DATE,dtPlannedDepartureDate
CoreJourneyPlanebpac,manualplanDetails,manualplanDetailsObj,ACTUAL_DEPARTURE_DATE,dtActualDepartureDate
CoreJourneyPlanebpac,manualplanDetails,manualplanDetailsObj,PLANNED_DEPARTURE_TIME,tmPlannedDepartureTime
CoreJourneyPlanebpac,manualplanDetails,manualplanDetailsObj,ACTUAL_DEPARTURE_TIME,tmActualDepartureTime
CoreJourneyPlanebpac,manualplanDetails,manualplanDetailsObj,NEW_PLANNED_ARRIVAL_TIME,tmNewPlanArrivalTime
CoreJourneyPlanebpac,manualplanDetails,manualplanDetailsObj,NEW_PLANNED_ARRIVAL_DATE,dtNewPlanArrivalDate
CoreJourneyPlanebpac,manualplanDetails,manualplanDetailsObj,NEW_PLANNED_DEPARTURE_TIME,tmNewPlanDepartureTime
CoreJourneyPlanebpac,manualplanDetails,manualplanDetailsObj,NEW_PLANNED_DEPARTURE_DATE,dtNewPlanDepartureDate
CoreJourneyPlanebpac,manualplanDetails,manualplanDetailsObj,ACTUAL_ARRIVAL_TIME,tmActualArrivalTime
CoreJourneyPlanebpac,manualplanDetails,manualplanDetailsObj,ACTION_TYPE,strAction
CoreJourneyPlanebpac,manualplanDetails,manualplanDetailsObj,DELAY_REASON,strDelayReason
CoreJourneyPlanebpac,manualplanDetails,manualplanDetailsObj,CALLJM,strCallJMYes
CoreJourneyPlanebpac,DynMTLFetch,queryObj,COLUMN_NAME,columnName
CoreJourneyPlanebpac,DynMTLFetch,queryObj,OPERATOR,strOperator
CoreJourneyPlanebpac,DynMTLFetch,queryObj,CONTROL_ID,strControlid
CoreJourneyPlanebpac,DynMTLFetch,queryObj,DEFAULT_VALUE,strDefault
CoreJourneyPlanebpac,JMSLSRDTL,JMSLSRDTLObj,recStatus,recStatus
CoreJourneyPlanebpac,JMSLSRDTL,JMSLSRDTLObj,select,strSelect
CoreJourneyPlanebpac,JMSLSRDTL,JMSLSRDTLObj,LSR_TYPE,strLSRType
CoreJourneyPlanebpac,JMSLSRDTL,JMSLSRDTLObj,LSR_NOTES,strLSRNotes
CoreJourneyPlanebpac,JMSLSRDTL,JMSLSRDTLObj,FILE_NAME,strFileName
CoreJourneyPlanebpac,JMSLSRDTL,JMSLSRDTLObj,UPLOADDOCUMENT,strUploaddocument
CoreJourneyPlanebpac,JMSLSRDTL,JMSLSRDTLObj,LSR_CONFIRM_ACTION,strLSRConfirmAction
CoreJourneyPlanebpac,JMSLSRDTL,JMSLSRDTLObj,LSR_CONFIRM_REMARKS,strLSRConfirmRemarks
CoreJourneyPlanebpac,JMSLSRDTL,JMSLSRDTLObj,CON_FILE_NAME,strConFileName
CoreJourneyPlanebpac,JMSLSRDTL,JMSLSRDTLObj,CON_UPLOADDOCUMENT,strConUploaddocument
CoreJourneyPlanebpac,JMSLSRDTL,JMSLSRDTLObj,cueRowId,cueRowId
CoreJourneyPlanebpac,JMSLSRDTL,JMSLSRDTLObj,LSR_REVIEW_ACTION,strLSRReviewAction
CoreJourneyPlanebpac,JMSLSRDTL,JMSLSRDTLObj,LSR_REVIEW_REMARKS,strLSRReviewRemarks
CoreJourneyPlanebpac,JMSLSRDTL,JMSLSRDTLObj,REV_FILE_NAME,strRevFileName
CoreJourneyPlanebpac,JMSLSRDTL,JMSLSRDTLObj,REV_UPLOADDOCUMENT,strRevUploaddocument
CoreJourneyPlanebpac,JMSLSRDTL,JMSLSRDTLObj,LSR_APPROVAL_ACTION,strLSRAppAction
CoreJourneyPlanebpac,JMSLSRDTL,JMSLSRDTLObj,LSR_APPROVAL_REMARKS,strLSRAppRemarks
CoreJourneyPlanebpac,JMSLSRDTL,JMSLSRDTLObj,APP_FILE_NAME,strAppFileName
CoreJourneyPlanebpac,JMSLSRDTL,JMSLSRDTLObj,APP_UPLOADDOCUMENT,strAppUploaddocument
CoreEmployeeRosterService,RosterSetup,RosterSetupObj,recStatus,recStatus
CoreEmployeeRosterService,RosterSetup,RosterSetupObj,select,strSelect
CoreEmployeeRosterService,RosterSetup,RosterSetupObj,EMPLOYEE_NAME,strEmployeeCode
CoreEmployeeRosterService,RosterSetup,RosterSetupObj,EMPLOYEE_GROUP,strEmployeeGroup
CoreEmployeeRosterService,RosterSetup,RosterSetupObj,EMPLOYEE_ROLE,strEmployeeRole
CoreEmployeeRosterService,RosterSetup,RosterSetupObj,FROM_DATE,dtFromDate
CoreEmployeeRosterService,RosterSetup,RosterSetupObj,TO_DATE,dtToDate
CoreEmployeeRosterService,RosterSetup,RosterSetupObj,SHIFT_NAME,strNewShift
CoreTruckService,MTLProcess1,ivmsGridObj,IVMS_VENDOR_CODE,strIvmsVendor
CoreTruckService,MTLProcess1,ivmsGridObj,IVMS_BOXID,strIvmsBoxId
CoreTruckService,MTLProcess1,ivmsGridObj,EFFECTIVE_FROM,dtEffectiveFrom
CoreTruckService,MTLProcess1,ivmsGridObj,EFFECTIVE_TO,dtEffectiveTo
CoreTruckService,MTLProcess1,ivmsGridObj,recStatus,recStatus
CoreTruckService,MTLProcess1,ivmsGridObj,IVMS_SLNO,iIvmsSeqNo
CoreTruckService,MTLProcess2,truckDocGridObj,DOC_TYPE,strInsType
CoreTruckService,MTLProcess2,truckDocGridObj,DOC_NO,strInsNo
CoreTruckService,MTLProcess2,truckDocGridObj,ISSUED_BY,strIssuedBy
CoreTruckService,MTLProcess2,truckDocGridObj,INSPECTOR_NAME,strInspector
CoreTruckService,MTLProcess2,truckDocGridObj,EFFECTIVE_FROM,dtEffectiveFrom1
CoreTruckService,MTLProcess2,truckDocGridObj,EFFECTIVE_TO,dtEffectiveTo1
CoreTruckService,MTLProcess2,truckDocGridObj,recStatus,recStatus
CoreTruckService,MTLProcess2,truckDocGridObj,DOC_SLNO,iDocSno
CoreTruckService,MTLProcess2,truckDocGridObj,EXPIRTY_DT,dtExpiryDate
CoreTruckService,MTLProcess2,truckDocGridObj,FILE_NAME,strFileName
CoreTruckService,MTLProcess2,truckDocGridObj,ATTACHDOCUMENT,strAttachment
CoreTruckService,VehLocDtlCache,VehLocDtlCacheObj,LOC_CODE,strLocationCode
CoreTruckService,VehLocDtlCache,VehLocDtlCacheObj,LOC_NAME,strLocationName
CoreTruckService,VehLocDtlCache,VehLocDtlCacheObj,REGION,strRegion
CoreTruckService,VehLocDtlCache,VehLocDtlCacheObj,recStatus,recStatus
CoreTruckService,tyreDetailsDtl,tyreDetailsDtlObj,recStatus,recStatus
CoreTruckService,tyreDetailsDtl,tyreDetailsDtlObj,FIELD_NAME,strFieldName
CoreTruckService,tyreDetailsDtl,tyreDetailsDtlObj,VALUE_CODE,strValueCode
CoreTruckService,tyreDetailsDtl,tyreDetailsDtlObj,RFID,strRFID
CoreDriveService,MTLProcess,driverMappingObj,DOC_TYPE,strDocumentType
CoreDriveService,MTLProcess,driverMappingObj,DOC_NO,strDocumentNo
CoreDriveService,MTLProcess,driverMappingObj,ISSUE_DT,dtIssueDate
CoreDriveService,MTLProcess,driverMappingObj,EXPIRY_DT,dtExpiryDate
CoreDriveService,MTLProcess,driverMappingObj,EFFECTIVE_FROM,dtEffectiveFrom
CoreDriveService,MTLProcess,driverMappingObj,EFFECTIVE_TO,dtEffectiveTo
CoreDriveService,MTLProcess,driverMappingObj,recStatus,recStatus
CoreDriveService,MTLProcess,driverMappingObj,DOC_SLNO,iSeqNo
CoreDriveService,MTLProcess,driverMappingObj,ATTACH_DOCUMENT,strAttachDoc
CoreDriveService,MTLProcess,driverMappingObj,FILE_NAME,strFileName
CoreDriveService,MTLProcess_Licence,licenceMappingObj,TRUCK_CATEGORY,strTruckCategory
CoreDriveService,MTLProcess_Licence,licenceMappingObj,LICENCE_NO,strLicenceNumber
CoreDriveService,MTLProcess_Licence,licenceMappingObj,ISSUE_DT,dtIssueDate
CoreDriveService,MTLProcess_Licence,licenceMappingObj,EFFECTIVE_FROM,dtEffectiveFrom
CoreDriveService,MTLProcess_Licence,licenceMappingObj,EFFECTIVE_TO,dtEffectiveTo
CoreDriveService,MTLProcess_Licence,licenceMappingObj,recStatus,recStatus
CoreDriveService,MTLProcess_Licence,licenceMappingObj,DOC_SLNO,iSeqNo
CoreDriveService,MTLProcess_Licence,licenceMappingObj,ATTACH_DOCUMENT_LICENCE,strAttachDocLicence
CoreConsequencemanagement,vioDtl,vioDtlObj,recStatus,recStatus
CoreConsequencemanagement,vioDtl,vioDtlObj,DRI_CODE,strDriverCode
CoreConsequencemanagement,vioDtl,vioDtlObj,DRI_NAME,strDriverName
CoreConsequencemanagement,vioDtl,vioDtlObj,JP_NO,strJourneyPlanNo
CoreConsequencemanagement,vioDtl,vioDtlObj,select,strSelect
CoreConsequencemanagement,vioDtl,vioDtlObj,CON_FOR,strConseqFor
CoreConsequencemanagement,vioDtl,vioDtlObj,ACT_TAKN,strAction
CoreConsequencemanagement,vioDtl,vioDtlObj,INCIDENT_NO,strIncidentNo
CoreConsequencemanagement,vioDtl,vioDtlObj,LETTER_ISSUE,strIssue
CoreConsequencemanagement,vioDtl,vioDtlObj,REMARK,strRemark
CoreTrailerService,MTLProcess1,ivmsGridObj,IVMS_VENDOR_CODE,strIvmsVendor
CoreTrailerService,MTLProcess1,ivmsGridObj,IVMS_BOXID,strIvmsBoxId
CoreTrailerService,MTLProcess1,ivmsGridObj,EFFECTIVE_FROM,dtEffectiveFrom
CoreTrailerService,MTLProcess1,ivmsGridObj,EFFECTIVE_TO,dtEffectiveTo
CoreTrailerService,MTLProcess1,ivmsGridObj,recStatus,recStatus
CoreTrailerService,MTLProcess1,ivmsGridObj,IVMS_SLNO,iIvmsSeqNo
CoreTrailerService,MTLProcess2,truckDocGridObj,DOC_TYPE,strInsType
CoreTrailerService,MTLProcess2,truckDocGridObj,DOC_NO,strInsNo
CoreTrailerService,MTLProcess2,truckDocGridObj,ISSUED_BY,strIssuedBy
CoreTrailerService,MTLProcess2,truckDocGridObj,INSPECTOR_NAME,strInspector
CoreTrailerService,MTLProcess2,truckDocGridObj,EFFECTIVE_FROM,dtEffectiveFrom1
CoreTrailerService,MTLProcess2,truckDocGridObj,EFFECTIVE_TO,dtEffectiveTo1
CoreTrailerService,MTLProcess2,truckDocGridObj,recStatus,recStatus
CoreTrailerService,MTLProcess2,truckDocGridObj,DOC_SLNO,iDocSno
CoreTrailerService,MTLProcess2,truckDocGridObj,EXPIRTY_DT,dtExpiryDate
CoreTrailerService,MTLProcess2,truckDocGridObj,FILE_NAME,strFileName
CoreTrailerService,MTLProcess2,truckDocGridObj,ATTACHDOCUMENT,strAttachment
coreProcessService,MTLProcess,processDtlObj,STEP_SEQUENCE,strStepSequence
coreProcessService,MTLProcess,processDtlObj,STEP_CODE,strStepCode
coreProcessService,MTLProcess,processDtlObj,STEP_NAME,strStepName
coreProcessService,MTLProcess,processDtlObj,JOURNEY_ALLOWED,strJourneyAllowed
coreProcessService,MTLProcess,processDtlObj,recStatus,recStatus
CoreChecklistService,CheckListMap,checkListMapObj,CHKLST_DTL_DESC,strChkLstDtlDesc
CoreChecklistService,CheckListMap,checkListMapObj,OPTION_DESCCSV,strOptionDescCsv
CoreChecklistService,CheckListMap,checkListMapObj,WEIGHTAGECSV,iWeightageCsv
CoreChecklistService,CheckListMap,checkListMapObj,recStatus,recStatus
CoreChecklistService,CheckListMap,checkListMapObj,CHKLST_DTL_SEQ_NO,iChkLstDtlSeqNo
CoreChecklistService,CheckListMap,checkListMapObj,TRUCK_CATEGORY,strTruckCategory
CoreChecklistService,CheckListMap,checkListMapObj,POSITIVE_OPTION,strPositiveOption
CoreChecklistService,CheckListMap,checkListMapObj,ROUTE_CATEGORY,strRouteCategory
CoreChecklistService,CheckListMap,checkListMapObj,GROUPVAL,strGroupName
CoreChecklistService,CheckListEntity,checkListEntityObj,recStatus,recStatus
CoreChecklistService,CheckListEntity,checkListEntityObj,CHK_LIST_CODE,strChkListCode
CoreChecklistService,CheckListEntity,checkListEntityObj,CHK_LIST_NAME,strChkListName
CoreChecklistService,ebPAC,checkListMapObj,CHKLST_DTL_SEQ_NO,iChkLstDtlSeqNo
CoreChecklistService,ebPAC,checkListMapObj,CHKLST_DTL_DESC,strChkLstDtlDesc
CoreChecklistService,ebPAC,checkListMapObj,OPTION_DESCCSV,strOptionDescCsv
CoreChecklistService,ebPAC,checkListMapObj,WEIGHTAGECSV,iWeightageCsv
CoreChecklistService,ebPAC,checkListMapObj,recStatus,recStatus
CoreChecklistService,approvalParameter,approvalParameterObj,recStatus,recStatus
CoreChecklistService,approvalParameter,approvalParameterObj,NIGHT_DRIVE,strNightDrive
CoreChecklistService,approvalParameter,approvalParameterObj,CATEGORY,strCategoryRisk
CoreChecklistService,approvalParameter,approvalParameterObj,LEVEL_SEQ,iLevelSeq
CoreChecklistService,approvalParameter,approvalParameterObj,LEVEL_STATUS,strLevelStatus
CoreChecklistService,approvalParameter,approvalParameterObj,APPROVER,strApprover
CoreChecklistService,journeyAssessmentMapping,journeyAssessmentMappingObj,recStatus,recStatus
CoreChecklistService,journeyAssessmentMapping,journeyAssessmentMappingObj,RANGE_FROM,iRangeFrom
CoreChecklistService,journeyAssessmentMapping,journeyAssessmentMappingObj,RANGE_TO,iRangeTo
CoreChecklistService,journeyAssessmentMapping,journeyAssessmentMappingObj,CATEGORY,strCategory
CoreEmployeeService,mappedGrid,mappedGridObj,recStatus,recStatus
CoreEmployeeService,mappedGrid,mappedGridObj,select,strSelect
CoreEmployeeService,mappedGrid,mappedGridObj,GROUP_CODE,strGroupCode
CoreEmployeeService,mappedGrid,mappedGridObj,CODE,strEmployeeCode
CoreEmployeeService,employeeMap,employeeMapObj,recStatus,recStatus
CoreEmployeeService,employeeMap,employeeMapObj,select,strSelect
CoreEmployeeService,employeeMap,employeeMapObj,ROLE_NAME,strRoleName
CoreEmployeeService,employeeMap,employeeMapObj,DEFAULT,strDefault
CoreVehicleRequest,VehicleDetails,inspectionCache,recStatus,recStatus
CoreVehicleRequest,VehicleDetails,inspectionCache,VEHICLE_REQUEST_NO,strVehicleRequestNo
CoreVehicleRequest,VehicleDetails,inspectionCache,STARTING_POINT,strStartingPoint
CoreVehicleRequest,VehicleDetails,inspectionCache,REQUIRED_DATE_TIME,dtRequiredDateTime
CoreVehicleRequest,VehicleDetails,inspectionCache,VEHICLE_CATEGORY,strVehicleCategory
CoreVehicleRequest,VehicleDetails,inspectionCache,NO_OF_VEHICLES,iNumberofVehicles
CoreVehicleRequest,VehicleDetails,inspectionCache,REQUIRED_TIME,strRequiredTime
CoreVehicleRequest,ReferenceDetails,inspectionCache1,recStatus,recStatus
CoreVehicleRequest,ReferenceDetails,inspectionCache1,VEHICLE_REQUEST_NO,strVehicleRequestNo
CoreVehicleRequest,ReferenceDetails,inspectionCache1,REFERNECE_DOCUMENT_TYPE,strReferenceDocType
CoreVehicleRequest,ReferenceDetails,inspectionCache1,REFERENCE_DOCUMENT_NO,strReferenceDocNo
CoreVehicleRequest,ReferenceDetails,inspectionCache1,REMARKS,strRemarks
CoreRouteAttributeService,MTLProcess,routeAttributeDtlObj,recStatus,recStatus
CoreRouteAttributeService,MTLProcess,routeAttributeDtlObj,ROUTE_LEG,strRouteLeg
CoreRouteAttributeService,MTLProcess,routeAttributeDtlObj,DISTANCE,iDistance
CoreRouteAttributeService,MTLProcess,routeAttributeDtlObj,CONSTRAINT_CODE,strConstraint
CoreRouteAttributeService,MTLProcess,routeAttributeDtlObj,SPEED,iSpeed
CoreRouteAttributeService,ebPAC,routeDtlObj,ROUTE_DTL_SEQ_NO,iSeqNo
CoreRouteAttributeService,ebPAC,routeDtlObj,INTRANSIT_ORIGIN,tempOrigin
CoreRouteAttributeService,ebPAC,routeDtlObj,INTRANSIT_DEST,tempDestination
CoreRouteAttributeService,ebPAC,routeDtlObj,ROUTE_DTL_SEQ_NO,iSeqNo
CoreRouteAttributeService,ebPAC,routeDtlObj,INTRANSIT_ORIGIN,strIntransitOrigin
CoreRouteAttributeService,ebPAC,routeDtlObj,INTRANSIT_DEST,strIntransitDestination
CoreNumberingService,MTLProcess,numberingTypeMasterObj,recStatus,recStatus
CoreNumberingService,MTLProcess,numberingTypeMasterObj,SEQUENCE,iSequence
CoreNumberingService,MTLProcess,numberingTypeMasterObj,ELEMENT,strElement
CoreNumberingService,MTLProcess,numberingTypeMasterObj,DATA,strData
CoreNumberingService,MTLProcess,numberingTypeMasterObj,VALUE,strValue
CoreNumberingService,MTLProcess,numberingTypeMasterObj,LENGTH,iLength
CoreNumberingService,MTLProcess,numberingTypeMasterObj,TYPE,strType
CoreNumberingService,MTLProcess,numberingTypeMasterObj,SEPARATOR,strSeparator
CoreReportService,truckList,helpOntruckGridFieldObj,TRUCK_CODE,strTruckCode
CoreReportService,truckList,helpOntruckGridFieldObj,recStatus,recStatus
CoreReportService,truckList,helpOntruckGridFieldObj,select,strSelect
CoreReportService,LoadHelpGrid,loadListSummaryObj,LOAD_NO,strLoadNo
CoreReportService,LoadHelpGrid,loadListSummaryObj,recStatus,recStatus
CoreReportService,LoadHelpGrid,loadListSummaryObj,select,strSelect
CoreTruckSchedule,matMTL,trkscheduleObj,recStatus,recStatus
CoreTruckSchedule,matMTL,trkscheduleObj,SCHDATE,dtSchDate
CoreTruckSchedule,matMTL,trkscheduleObj,SCHTIME,dtSchTime
CoreTruckSchedule,matMTL,trkscheduleObj,TRUCK_CATEGORY,strTruckCategory
CoreTruckSchedule,matMTL,trkscheduleObj,FROM_LOCATION,strFrmLocation
CoreTruckSchedule,matMTL,trkscheduleObj,TO_LOCATION,strToLocation
CoreTruckSchedule,matMTL,trkscheduleObj,NO_OF_VEHICLES,ino_of_veh
CoreCalendarExceptionService,MTLProcess,calenderExceptionObj,recStatus,recStatus
CoreCalendarExceptionService,MTLProcess,calenderExceptionObj,DATES,dtcalendarDate
CoreCalendarExceptionService,MTLProcess,calenderExceptionObj,STATUS,strStatus
CoreCalendarExceptionService,MTLProcess,calenderExceptionObj,DAY,strDay
CoreInspectionService,MTLProcess,inspectionMstrDtlObj,recStatus,recStatus
CoreInspectionService,MTLProcess,inspectionMstrDtlObj,REFERENCE_TYPE,strReferenceType
CoreInspectionService,MTLProcess,inspectionMstrDtlObj,REMARKS,strRemarks
CoreInspectionService,MTLProcess,inspectionMstrDtlObj,REFERENCE_NO,strReferenceNo
CoreInspectionService,MTLProcess,inspectionMstrDtlObj,IMAGES,strImages
CoreInspectionService,InsCheckList,inspectionCheckListObj,recStatus,recStatus
CoreInspectionService,InsCheckList,inspectionCheckListObj,CHK_LIST_CODE,strCheckListCode
CoreInspectionService,InsCheckList,inspectionCheckListObj,CHKLST_DTL_SEQ_NO,iSeqNo
CoreInspectionService,InsCheckList,inspectionCheckListObj,ANSWER,strAnswer
CoreInspectionService,InsCheckList,inspectionCheckListObj,IMAGES,strImages
CoreInspectionService,InsCheckList,inspectionCheckListObj,ANSWER_NXT,strAnswerNxt
CoreInspectionService,InsCheckList,inspectionCheckListObj,ANSWER_LST,strAnswerLst
CoreInspectionService,InsCheckList,inspectionCheckListObj,CHKLST_DTL_SEQ_NO_NXT,iSeqNoNxt
CoreInspectionService,InsCheckList,inspectionCheckListObj,CHKLST_DTL_SEQ_NO_LST,iSeqNoLst
CoreInspectionService,InsCheckList,inspectionCheckListObj,IMAGES_NXT,strImagesNxt
CoreInspectionService,InsCheckList,inspectionCheckListObj,IMAGES_LST,strImagesLst
CoreInspectionService,assignInspectorGrid,assignInspectorObj,recStatus,recStatus
CoreInspectionService,assignInspectorGrid,assignInspectorObj,select,select
CoreInspectionService,assignInspectorGrid,assignInspectorObj,INSPECTION_DATE,dtInspectionDate
CoreInspectionService,assignInspectorGrid,assignInspectorObj,INSPECTION_TIME,iInspectionTime
CoreInspectionService,assignInspectorGrid,assignInspectorObj,TRUCK_CODE,strTruckCode
CoreInspectionService,assignInspectorGrid,assignInspectorObj,TRUCK_DESC,strTruckDesc
CoreInspectionService,assignInspectorGrid,assignInspectorObj,DRIVER_CODE,strDriverCode
CoreInspectionService,assignInspectorGrid,assignInspectorObj,DRIVER_NAME,strDriverName
CoreInspectionService,assignInspectorGrid,assignInspectorObj,INSPECTION_NO,strInspectionNo
CoreInspectionService,assignInspectorGrid,assignInspectorObj,INSPECTOR_NAME,strInspectorName
CoreInspectionService,assignInspectorGrid,assignInspectorObj,WAYBILL_NO,strWaybillNo
CoreInspectionService,assignInspectorGrid,assignInspectorObj,INSPECTION_STATUS,strInspectionStatus
CoreInspectionService,assignInspectorGrid,assignInspectorObj,VEHICLE_CATEGORY,strVehicleCategory
CoreInspectionService,CheckLoadList,checkLoadListObj,recStatus,recStatus
CoreInspectionService,CheckLoadList,checkLoadListObj,CHK_LIST_CODE,strCheckListCode
CoreInspectionService,CheckLoadList,checkLoadListObj,CHKLST_DTL_SEQ_NO,iChkLstDtlSeqNo
CoreInspectionService,CheckLoadList,checkLoadListObj,CHKLST_DTL_DESC,strCheckListDesc
CoreInspectionService,CheckLoadList,checkLoadListObj,OPTION_DESCCSV,strOptionDescCsv
CoreInspectionService,CheckLoadList,checkLoadListObj,ANSWER,strAnswer
CoreInspectionService,CheckLoadList,checkLoadListObj,IMAGES,strImages
CoreInspectionService,CheckLoadList,checkLoadListObj,ANSWER_NXT,strAnswerNxt
CoreInspectionService,CheckLoadList,checkLoadListObj,ANSWER_LST,strAnswerLst
CoreInspectionService,CheckLoadList,checkLoadListObj,CHKLST_DTL_SEQ_NO_LST,iSeqNoLst
CoreInspectionService,CheckLoadList,checkLoadListObj,CHKLST_DTL_SEQ_NO_NXT,iSeqNoNxt
CoreInspectionService,CheckLoadList,checkLoadListObj,IMAGES_NXT,strImagesNxt
CoreInspectionService,CheckLoadList,checkLoadListObj,IMAGES_LST,strImagesLst
CoreInspectionService,MTLProcessChekList,newCheckListGridObj,recStatus,recStatus
CoreInspectionService,MTLProcessChekList,newCheckListGridObj,CHK_LIST_CODE,strCheckListCode
CoreInspectionService,MTLProcessChekList,newCheckListGridObj,CHKLST_DTL_SEQ_NO,iSeqNo
CoreInspectionService,MTLProcessChekList,newCheckListGridObj,ANSWER,strAnswer
CoreInspectionService,MTLProcessChekList,newCheckListGridObj,ANSWER_NXT,strAnswerNxt
CoreInspectionService,MTLProcessChekList,newCheckListGridObj,ANSWER_LST,strAnswerLst
CoreInspectionService,MTLProcessChekList,newCheckListGridObj,CHKLST_DTL_SEQ_NO_NXT,iSeqNoNxt
CoreInspectionService,MTLProcessChekList,newCheckListGridObj,CHKLST_DTL_SEQ_NO_LST,iSeqNoLst
CoreInspectionService,MTLProcessChekList,newCheckListGridObj,IMAGES,strImages
CoreInspectionService,MTLProcessChekList,newCheckListGridObj,IMAGES_NXT,strImagesNxt
CoreInspectionService,MTLProcessChekList,newCheckListGridObj,IMAGES_LST,strImagesLst
CoreInspectionService,MTLProcessMobile,AcknowledgeObj,INSPECTION_NO,strInspectionNo
CoreInspectionService,MTLProcessMobile,AcknowledgeObj,INSPECTION_TYPE,strInspectionType
CoreShiftService,shiftDtlCache,shiftDtlCacheObj,recStatus,recStatus
CoreShiftService,shiftDtlCache,shiftDtlCacheObj,select,strSelect
CoreShiftService,shiftDtlCache,shiftDtlCacheObj,SHIFT_NAME,strShiftName
CoreShiftService,shiftDtlCache,shiftDtlCacheObj,START_TIME,strStartTime
CoreShiftService,shiftDtlCache,shiftDtlCacheObj,END_TIME,strEndTime
CoreTypeMasterService,MTLProcess,typeDtlObj,recStatus,recStatus
CoreTypeMasterService,MTLProcess,typeDtlObj,TYPE_CODE,strCategoryCode
CoreTypeMasterService,MTLProcess,typeDtlObj,TYPE_DESC,strCategoryDesc
CoreTypeMasterService,MTLProcess,typeDtlObj,TYPE_SEQ_NO,iSeqNo
CoreTypeMasterService,MTLProcess,typeDtlObj,TYPE_DEFAULT,strDefault
CoreTypeMasterService,MTLProcess,typeDtlObj,TYPE_STATUS,strStatus
CoreConsignment,materialDetails,materialDetailsObj,recStatus,recStatus
CoreConsignment,materialDetails,materialDetailsObj,LINE_NO,iCustReqLineNo
CoreConsignment,materialDetails,materialDetailsObj,ITEM_CODE,strItemCode
CoreConsignment,materialDetails,materialDetailsObj,ITEM_DESCRIPTION,strItemDesc
CoreConsignment,materialDetails,materialDetailsObj,WEIGHT,strWeight
CoreConsignment,materialDetails,materialDetailsObj,VOLUME,strVolume
CoreConsignment,materialDetails,materialDetailsObj,NO_OF_PCKGS,iTotPackages
CoreConsignment,materialDetails,materialDetailsObj,NO_OF_PCKGES,iNoOfPcks
CoreConsignment,materialDetails,materialDetailsObj,REM_PACKAGES,iRemPackages
CoreConsignment,materialDetails,materialDetailsObj,CUST_REQ_NO,strCustomerReqNo
CoreConstraintService,constraintMstrDtlCache,constraintMstrDtlCacheObj,recStatus,recStatus
CoreConstraintService,constraintMstrDtlCache,constraintMstrDtlCacheObj,select,strSelect
CoreConstraintService,constraintMstrDtlCache,constraintMstrDtlCacheObj,FROM_TIME,strFromTime
CoreConstraintService,constraintMstrDtlCache,constraintMstrDtlCacheObj,TO_TIME,strToTime
CoreConstraintService,constraintMstrDtlCache,constraintMstrDtlCacheObj,REST,strRest
CoreConstraintService,constraintMstrDtlCache,constraintMstrDtlCacheObj,DRIVING_TIME,iDrivingTime
CoreConstraintService,constraintMstrDtlCache,constraintMstrDtlCacheObj,REST_TIME,iRestTime
CoreConstraintService,constraintMstrDtlCache,constraintMstrDtlCacheObj,SEQ_NO,iSeqNo
CoreConstraintService,calenderContraint,calenderContraintObj,recStatus,recStatus
CoreConstraintService,calenderContraint,calenderContraintObj,CONSTRAINT_CODE,strConstraintCode
CoreConstraintService,calenderContraint,calenderContraintObj,CONSTRAINT_DESC,strConstraintDesc
CoreConstraintService,calenderContraint,calenderContraintObj,CALENDAR_CODE,strCalenderCode
CoreConstraintService,routeConstraint,routeConstraintObj,recStatus,recStatus
CoreConstraintService,routeConstraint,routeConstraintObj,select,strSelect
CoreConstraintService,routeConstraint,routeConstraintObj,SEQUENCE_NO,iSeqNo
CoreConstraintService,routeConstraint,routeConstraintObj,ROUTE_CODE,strRouteCode
CoreCarrierContract,scopeMTL,scopeGridObj,recStatus,recStatus
CoreCarrierContract,scopeMTL,scopeGridObj,SCOPE_CATEGORY,strScopeCategory
CoreCarrierContract,scopeMTL,scopeGridObj,SCOPE_DESC,strScopeDescription
CoreCarrierContract,scopeMTL,scopeGridObj,REMARKS,strRemarks
CoreCarrierContract,tariffMTL,tariffGridObj,recStatus,recStatus
CoreCarrierContract,tariffMTL,tariffGridObj,SCOPE_CATEGORY,strScopeCategory
CoreCarrierContract,tariffMTL,tariffGridObj,SCOPE_DESC,strScopeDescription
CoreCarrierContract,tariffMTL,tariffGridObj,REMARKS,strRemarks
CoreCarrierContract,tariffMTL,tariffGridObj,CAR_CONT_NO,strContractNo
CoreCarrierContract,tariffMTL,tariffGridObj,ORIGIN,strOrigin
CoreCarrierContract,tariffMTL,tariffGridObj,DESTINATION,strDestination
CoreCarrierContract,tariffMTL,tariffGridObj,VEHICLE_CATEGORY,strVehicleCategory
CoreCarrierContract,tariffMTL,tariffGridObj,TRAN_MODE,strTranMode
CoreCarrierContract,tariffMTL,tariffGridObj,PRICE_BASIS,strPriceBasis
CoreCarrierContract,tariffMTL,tariffGridObj,PRICE,iPrice
CoreCarrierContract,tariffMTL,tariffGridObj,SLAB_FROM_VALUE,iSlabFromValue
CoreCarrierContract,tariffMTL,tariffGridObj,SLAB_TO_VALUE,iSlabToValue
CoreCarrierContract,tariffMTL,tariffGridObj,SLAB_BASIS,strSlabBasis
CoreCarrierContract,tariffMTL,tariffGridObj,REMARKS,strRemarks
CoreCarrierContract,tariffMTL,tariffGridObj,AMENDMENT_NO,iAmendmentNo
